1_0936.jpg;5Q,2
1_0070.jpg;150,/
1_0522.jpg;150,57
1_0008.jpg;0,0
1_0026.jpg;5Q,2
1_0758.jpg;750,83
1_0780.jpg;850,85
1_0212.jpg;550,23
1_0825.jpg;950,90
1_0837.jpg;1000,91
1_0509.jpg;100,56
1_0716.jpg;650,/8
1_0297.jpg;750,32
1_0321.jpg;800,35
1_0630.jpg;450,69
1_0093.jpg;250,10
1_0890.jpg;1100,97
1_0587.jpg;300,64
1_0648.jpg;500,71
1_0789.jpg;850,86
1_0649.jpg;500,71
1_0814.jpg;900,89
1_0718.jpg;650,/8
1_0051.jpg;100,5
1_0030.jpg;50,3
1_0273.jpg;700,30
1_0638.jpg;450,70
1_0839.jpg;1000,92
1_0795.jpg;350,37
1_0513.jpg;150,56
1_0190.jpg;500,21
1_0294.jpg;750,32
1_0786.jpg;850,86
1_0080.jpg;200,8
1_0210.jpg;550,23
1_0367.jpg;950,40
1_0438.jpg;1150,48
1_0957.jpg;100,5
1_0840.jpg;1000,92
1_0988.jpg;200,8
1_0655.jpg;500,72
1_0548.jpg;200,60
1_0678.jpg;550,74
1_0115.jpg;300,12
1_0060.jpg;150,6
1_0366.jpg;950,40
1_0865.jpg;1050,95
1_0143.jpg;350,15
1_0683.jpg;600,/5
1_0408.jpg;1050,44
1_0400.jpg;1050,44
1_0263.jpg;650,29
1_0738.jpg;700,81
1_0975.jpg;150,/
1_0495.jpg;100,54
1_0569.jpg;300,62
1_0722.jpg;700,79
1_0816.jpg;950,89
1_0886.jpg;1100,97
1_0962.jpg;100,5
1_0109.jpg;250,12
1_0425.jpg;1100,46
1_0300.jpg;750,33
1_0001.jpg;0,0
1_0852.jpg;1000,93
1_0739.jpg;700,81
1_0087.jpg;200,9
1_0609.jpg;400,67
1_0576.jpg;300,63
1_0372.jpg;950,41
1_0006.jpg;0,0
1_0720.jpg;650,79
1_0269.jpg;700,29
1_0241.jpg;600,26
1_0921.jpg;
1_0845.jpg;1000,92
1_0563.jpg;250,61
1_0627.jpg;450,69
1_0184.jpg;450,20
1_0494.jpg;100,54
1_0745.jpg;750,81
1_0590.jpg;350,64
1_0119.jpg;300,13
1_0961.jpg;100,5
1_0019.jpg;5Q,2
1_0361.jpg;950,39
1_0369.jpg;950,40
1_0555.jpg;250,61
1_0654.jpg;500,71
1_0692.jpg;600,/6
1_0343.jpg;900,37
1_0154.jpg;400,17
1_0956.jpg;100,5
1_0216.jpg;550,23
1_0127.jpg;300,14
1_0592.jpg;350,65
1_0129.jpg;300,14
1_0641.jpg;450,70
1_0196.jpg;500,21
1_0539.jpg;200,59
1_0931.jpg;5Q,2
1_0703.jpg;650,77
1_0194.jpg;500,21
1_0608.jpg;400,66
1_0939.jpg;50,3
1_0255.jpg;650,28
1_0458.jpg;Q0,50
1_0018.jpg;5Q,2
1_0680.jpg;550,74
1_0251.jpg;650,27
1_0198.jpg;500,21
1_0287.jpg;750,31
1_0467.jpg;0,51
1_0500.jpg;100,55
1_0504.jpg;100,55
1_0405.jpg;1050,44
1_0088.jpg;200,9
1_0588.jpg;350,64
1_0413.jpg;1050,45
1_0746.jpg;750,81
1_0912.jpg;0,0
1_0524.jpg;150,57
1_0557.jpg;250,61
1_0823.jpg;950,90
1_0647.jpg;500,71
1_0744.jpg;750,81
1_0068.jpg;150,/
1_0711.jpg;650,/8
1_0084.jpg;200,9
1_0399.jpg;1050,43
1_0303.jpg;300,33
1_0567.jpg;250,62
1_0904.jpg;1150,99
1_0483.jpg;50,53
1_0281.jpg;700,31
1_0487.jpg;50,53
1_0586.jpg;300,64
1_0906.jpg;1150,99
1_0614.jpg;400,67
1_0330.jpg;850,360
1_0114.jpg;300,12
1_0309.jpg;300,34
1_0507.jpg;100,55
1_0356.jpg;900,39
1_0379.jpg;1000,41
1_0305.jpg;300,33
1_0131.jpg;300,14
1_0436.jpg;1100,48
1_0564.jpg;250,62
1_0831.jpg;950,91
1_0274.jpg;700,30
1_0100.jpg;250,11
1_0666.jpg;550,73
1_0731.jpg;700,80
1_0625.jpg;400,68
1_0187.jpg;450,20
1_0617.jpg;400,67
1_0960.jpg;100,5
1_0550.jpg;200,60
1_0919.jpg;0,0
1_0266.jpg;700,29
1_0762.jpg;800,383
1_0477.jpg;50,52
1_0452.jpg;1150,49
1_0977.jpg;150,/
1_0165.jpg;400,18
1_0406.jpg;1050,44
1_0193.jpg;500,21
1_0197.jpg;500,21
1_0142.jpg;350,15
1_0691.jpg;600,/5
1_0752.jpg;750,82
1_0289.jpg;750,31
1_0506.jpg;100,55
1_0869.jpg;1050,95
1_0007.jpg;0,0
1_0145.jpg;350,16
1_0834.jpg;950,91
1_0498.jpg;100,54
1_0741.jpg;750,81
1_0166.jpg;400,18
1_0125.jpg;300,13
1_0045.jpg;100,5
1_0000.jpg;0,0
1_0551.jpg;250,60
1_0417.jpg;1100,45
1_0629.jpg;450,69
1_0478.jpg;50,52
1_0174.jpg;450,19
1_0696.jpg;600,/6
1_0235.jpg;600,25
1_0443.jpg;1150,48
1_0753.jpg;750,82
1_0137.jpg;350,15
1_0020.jpg;5Q,2
1_0726.jpg;700,79
1_0254.jpg;650,28
1_0231.jpg;600,25
1_0489.jpg;50,53
1_0667.jpg;550,73
1_0041.jpg;100,4
1_0973.jpg;150,6
1_0945.jpg;50,3
1_0392.jpg;1000,43
1_0315.jpg;300,34
1_0803.jpg;900,88
1_0368.jpg;950,40
1_0136.jpg;350,15
1_0172.jpg;450,19
1_0532.jpg;200,58
1_0879.jpg;1100,96
1_0613.jpg;400,67
1_0324.jpg;850,35
1_0698.jpg;600,/6
1_0319.jpg;800,35
1_0505.jpg;100,55
1_0376.jpg;950,41
1_0383.jpg;1000,42
1_0799.jpg;900,37
1_0833.jpg;950,91
1_0222.jpg;550,24
1_0769.jpg;300,84
1_0175.jpg;450,19
1_0562.jpg;250,61
1_0431.jpg;1100,47
1_0914.jpg;0,0
1_0360.jpg;950,39
1_0759.jpg;800,383
1_0338.jpg;850,37
1_0440.jpg;1150,48
1_0209.jpg;550,23
1_0561.jpg;250,61
1_0631.jpg;450,69
1_0982.jpg;150,/
1_0333.jpg;850,360
1_0229.jpg;600,25
1_1000.jpg;200,9
1_0009.jpg;
1_0039.jpg;100,4
1_0103.jpg;250,11
1_0485.jpg;50,53
1_0313.jpg;300,34
1_0409.jpg;1050,45
1_0853.jpg;1000,93
1_0842.jpg;1000,92
1_0830.jpg;950,91
1_0475.jpg;50,52
1_0779.jpg;850,85
1_0280.jpg;700,30
1_0363.jpg;950,40
1_0074.jpg;200,8
1_0159.jpg;400,17
1_0044.jpg;100,5
1_0618.jpg;400,68
1_0950.jpg;100,4
1_0708.jpg;650,77
1_0385.jpg;1000,42
1_0918.jpg;0,0
1_0102.jpg;250,11
1_0484.jpg;50,53
1_0911.jpg;0,0
1_0658.jpg;500,72
1_0761.jpg;800,383
1_0108.jpg;250,12
1_0033.jpg;50,3
1_0122.jpg;300,13
1_0092.jpg;200,10
1_0644.jpg;450,70
1_0543.jpg;200,59
1_0651.jpg;500,71
1_0279.jpg;700,30
1_0880.jpg;1100,96
1_0867.jpg;1050,95
1_0568.jpg;250,62
1_0248.jpg;650,27
1_0724.jpg;700,79
1_0118.jpg;300,13
1_0081.jpg;200,9
1_0926.jpg;
1_0591.jpg;350,65
1_0295.jpg;750,32
1_0520.jpg;150,57
1_0160.jpg;400,17
1_0947.jpg;50,4
1_0659.jpg;500,72
1_0387.jpg;1000,42
1_0598.jpg;350,65
1_0679.jpg;550,74
1_0978.jpg;150,/
1_0552.jpg;250,60
1_0322.jpg;850,35
1_0686.jpg;600,/5
1_0169.jpg;400,18
1_0971.jpg;150,6
1_0858.jpg;1050,94
1_0238.jpg;600,26
1_0511.jpg;100,56
1_0889.jpg;1100,97
1_0787.jpg;850,86
1_0859.jpg;1050,94
1_0697.jpg;600,/6
1_0772.jpg;300,84
1_0207.jpg;500,22
1_0456.jpg;Q0,50
1_0748.jpg;750,82
1_0138.jpg;350,15
1_0843.jpg;1000,92
1_0986.jpg;150,8
1_0466.jpg;0,51
1_0756.jpg;750,83
1_0935.jpg;5Q,2
1_0014.jpg;
1_0526.jpg;150,57
1_0952.jpg;100,4
1_0885.jpg;1100,97
1_0371.jpg;950,40
1_0528.jpg;150,58
1_0800.jpg;900,37
1_0496.jpg;100,54
1_0983.jpg;150,8
1_0798.jpg;900,37
1_0583.jpg;300,64
1_0244.jpg;600,26
1_0813.jpg;900,89
1_0991.jpg;200,8
1_0571.jpg;300,62
1_0959.jpg;100,5
1_0271.jpg;700,29
1_0062.jpg;150,/
1_0023.jpg;5Q,2
1_0632.jpg;450,69
1_0043.jpg;100,4
1_0388.jpg;1000,42
1_0938.jpg;50,3
1_0899.jpg;1150,98
1_0022.jpg;5Q,2
1_0767.jpg;300,84
1_0462.jpg;Q0,50
1_0013.jpg;
1_0394.jpg;1000,43
1_0595.jpg;350,65
1_0329.jpg;850,360
1_0819.jpg;950,90
1_0535.jpg;200,58
1_0052.jpg;100,5
1_0079.jpg;200,8
1_0267.jpg;700,29
1_0584.jpg;300,64
1_0951.jpg;100,4
1_0755.jpg;750,82
1_0054.jpg;100,6
1_0553.jpg;250,60
1_0770.jpg;300,84
1_0482.jpg;50,53
1_0723.jpg;700,79
1_0105.jpg;250,11
1_0794.jpg;350,37
1_0382.jpg;1000,42
1_0925.jpg;
1_0167.jpg;400,18
1_0892.jpg;1150,98
1_0208.jpg;500,23
1_0650.jpg;500,71
1_0424.jpg;1100,46
1_0582.jpg;300,64
1_0963.jpg;100,5
1_0459.jpg;Q0,50
1_0339.jpg;850,37
1_0479.jpg;50,52
1_0120.jpg;300,13
1_0312.jpg;300,34
1_0861.jpg;1050,94
1_0796.jpg;350,37
1_0448.jpg;1150,49
1_0331.jpg;850,360
1_0091.jpg;200,10
1_0754.jpg;750,82
1_0185.jpg;450,20
1_0676.jpg;550,74
1_0974.jpg;150,/
1_0429.jpg;1100,47
1_0250.jpg;650,27
1_0261.jpg;650,28
1_0188.jpg;450,20
1_0164.jpg;400,18
1_0948.jpg;50,4
1_0011.jpg;
1_0884.jpg;1100,97
1_0351.jpg;900,38
1_0150.jpg;350,16
1_0782.jpg;850,85
1_0335.jpg;850,360
1_0993.jpg;200,9
1_0490.jpg;50,53
1_0426.jpg;1100,46
1_0958.jpg;100,5
1_0847.jpg;1000,93
1_0808.jpg;900,88
1_0807.jpg;900,88
1_0603.jpg;350,66
1_0332.jpg;850,360
1_0519.jpg;150,57
1_0183.jpg;450,20
1_0671.jpg;550,73
1_0665.jpg;550,73
1_0003.jpg;0,0
1_0358.jpg;900,39
1_0117.jpg;300,13
1_0437.jpg;1150,48
1_0949.jpg;100,4
1_0407.jpg;1050,44
1_0989.jpg;200,8
1_0702.jpg;650,77
1_0955.jpg;100,4
1_0714.jpg;650,/8
1_0883.jpg;1100,97
1_0542.jpg;200,59
1_0784.jpg;850,86
1_0130.jpg;300,14
1_0396.jpg;1000,43
1_0549.jpg;200,60
1_0480.jpg;50,52
1_0910.jpg;1150,99
1_0633.jpg;450,69
1_0594.jpg;350,65
1_0086.jpg;200,9
1_0870.jpg;1050,95
1_0121.jpg;300,13
1_0566.jpg;250,62
1_0265.jpg;700,29
1_0434.jpg;1100,47
1_0689.jpg;600,/5
1_0709.jpg;650,77
1_0558.jpg;250,61
1_0344.jpg;900,37
1_0774.jpg;800,85
1_0915.jpg;0,0
1_0374.jpg;950,41
1_0510.jpg;100,56
1_0058.jpg;150,6
1_0653.jpg;500,71
1_0811.jpg;900,89
1_0072.jpg;150,8
1_0742.jpg;750,81
1_0850.jpg;1000,93
1_0662.jpg;500,72
1_0270.jpg;700,29
1_0871.jpg;1050,95
1_0954.jpg;100,4
1_0158.jpg;400,17
1_0192.jpg;500,21
1_0516.jpg;150,56
1_0895.jpg;1150,98
1_0622.jpg;400,68
1_0673.jpg;550,73
1_0395.jpg;1000,43
1_0876.jpg;1100,96
1_0515.jpg;150,56
1_0035.jpg;50,3
1_0391.jpg;1000,43
1_0783.jpg;850,86
1_0863.jpg;1050,94
1_0777.jpg;800,85
1_0469.jpg;0,51
1_0743.jpg;750,81
1_0685.jpg;600,/5
1_0027.jpg;50,3
1_0579.jpg;300,63
1_0628.jpg;450,69
1_0681.jpg;550,74
1_0097.jpg;250,10
1_0317.jpg;800,35
1_0854.jpg;1050,93
1_0005.jpg;0,0
1_0201.jpg;500,22
1_0735.jpg;700,80
1_0069.jpg;150,/
1_0323.jpg;850,35
1_0701.jpg;600,//7
1_0257.jpg;650,28
1_0314.jpg;300,34
1_0064.jpg;150,/
1_0612.jpg;400,67
1_0877.jpg;1100,96
1_0966.jpg;100,6
1_0817.jpg;950,89
1_0177.jpg;450,19
1_0240.jpg;600,26
1_0328.jpg;850,360
1_0152.jpg;400,16
1_0380.jpg;1000,41
1_0887.jpg;1100,97
1_0163.jpg;400,18
1_0606.jpg;350,66
1_0536.jpg;200,59
1_0766.jpg;300,84
1_0635.jpg;450,69
1_0717.jpg;650,/8
1_0278.jpg;700,30
1_0664.jpg;950,72
1_0835.jpg;1000,91
1_0732.jpg;700,80
1_0920.jpg;0,0
1_0419.jpg;1100,46
1_0838.jpg;1000,92
1_0970.jpg;150,6
1_0891.jpg;1100,97
1_0173.jpg;450,19
1_0768.jpg;300,84
1_0253.jpg;650,27
1_0636.jpg;450,69
1_0624.jpg;400,68
1_0302.jpg;750,33
1_0320.jpg;800,35
1_0465.jpg;0,51
1_0256.jpg;650,28
1_0793.jpg;350,37
1_0433.jpg;1100,47
1_0775.jpg;800,85
1_0856.jpg;1050,94
1_0038.jpg;100,4
1_0111.jpg;250,12
1_0846.jpg;1000,92
1_0037.jpg;100,4
1_0206.jpg;500,22
1_0170.jpg;450,18
1_0359.jpg;900,39
1_0411.jpg;1050,45
1_0851.jpg;1000,93
1_0875.jpg;1100,96
1_0750.jpg;750,82
1_0820.jpg;950,90
1_0252.jpg;650,27
1_0232.jpg;600,25
1_0024.jpg;5Q,2
1_0110.jpg;250,12
1_0913.jpg;0,0
1_0821.jpg;950,90
1_0764.jpg;800,383
1_0272.jpg;700,30
1_0053.jpg;100,6
1_0997.jpg;200,9
1_0848.jpg;1000,93
1_0036.jpg;50,4
1_0061.jpg;150,6
1_0189.jpg;450,20
1_0264.jpg;650,29
1_0660.jpg;500,72
1_0677.jpg;550,74
1_0243.jpg;600,26
1_0028.jpg;50,3
1_0771.jpg;300,84
1_0386.jpg;1000,42
1_0491.jpg;50,54
1_0151.jpg;400,16
1_0463.jpg;Q0,50
1_0930.jpg;5Q,2
1_0418.jpg;1100,46
1_0687.jpg;600,/5
1_0352.jpg;900,38
1_0141.jpg;350,15
1_0199.jpg;500,22
1_0348.jpg;900,38
1_0674.jpg;550,74
1_0693.jpg;600,/6
1_0517.jpg;150,56
1_0710.jpg;650,/8
1_0607.jpg;400,66
1_0288.jpg;750,31
1_0316.jpg;300,34
1_0283.jpg;700,31
1_0476.jpg;50,52
1_0894.jpg;1150,98
1_0242.jpg;600,26
1_0401.jpg;1050,44
1_0347.jpg;900,38
1_0213.jpg;550,23
1_0226.jpg;550,24
1_0984.jpg;150,8
1_0230.jpg;600,25
1_0032.jpg;50,3
1_0034.jpg;50,3
1_0227.jpg;600,25
1_0096.jpg;250,10
1_0917.jpg;0,0
1_0098.jpg;250,10
1_0580.jpg;300,63
1_0729.jpg;700,80
1_0135.jpg;350,15
1_0285.jpg;750,31
1_0824.jpg;950,90
1_0669.jpg;550,73
1_0010.jpg;
1_0176.jpg;450,19
1_0449.jpg;1150,49
1_0116.jpg;300,12
1_0442.jpg;1150,48
1_0308.jpg;300,34
1_0057.jpg;150,6
1_0501.jpg;100,55
1_0626.jpg;450,68
1_0574.jpg;300,63
1_0785.jpg;850,86
1_0611.jpg;400,67
1_0012.jpg;
1_0304.jpg;300,33
1_0412.jpg;1050,45
1_0415.jpg;1050,45
1_0290.jpg;750,32
1_0481.jpg;50,52
1_0736.jpg;700,80
1_0282.jpg;700,31
1_0144.jpg;350,16
1_0860.jpg;1050,94
1_0439.jpg;1150,48
1_0337.jpg;850,37
1_0572.jpg;300,62
1_0040.jpg;100,4
1_0888.jpg;1100,97
1_0298.jpg;750,32
1_0643.jpg;450,70
1_0545.jpg;200,59
1_0435.jpg;1100 ,47
1_0818.jpg;950,89
1_0534.jpg;200,58
1_0107.jpg;250,11
1_0470.jpg;0,51
1_0864.jpg;1050,94
1_0573.jpg;300,63
1_0946.jpg;50,3
1_0518.jpg;150,57
1_0749.jpg;750,82
1_0581.jpg;300,63
1_0600.jpg;350,66
1_0715.jpg;650,/8
1_0381.jpg;1000,41
1_0181.jpg;450,20
1_0292.jpg;750,32
1_0326.jpg;850,360
1_0812.jpg;900,89
1_0370.jpg;950,40
1_0377.jpg;950,41
1_0998.jpg;200,9
1_0882.jpg;1100,96
1_0733.jpg;700,80
1_0976.jpg;150,/
1_0056.jpg;150,6
1_0346.jpg;900,38
1_0893.jpg;1150,98
1_0432.jpg;1100,47
1_0147.jpg;350,16
1_0451.jpg;1150,49
1_0048.jpg;100,5
1_0112.jpg;250,12
1_0747.jpg;750,82
1_0422.jpg;1100,46
1_0707.jpg;650,77
1_0547.jpg;200,60
1_0246.jpg;650,27
1_0575.jpg;300,63
1_0663.jpg;500,72
1_0751.jpg;750,82
1_0937.jpg;5Q,2
1_0933.jpg;5Q,2
1_0095.jpg;250,10
1_0416.jpg;1050,45
1_0453.jpg;1150,49
1_0862.jpg;1050,94
1_0355.jpg;900,39
1_0067.jpg;150,/
1_0354.jpg;900,39
1_0605.jpg;350,66
1_0969.jpg;150,6
1_0972.jpg;150,6
1_0124.jpg;300,13
1_0806.jpg;900,88
1_0139.jpg;350,15
1_0473.jpg;0,52
1_0049.jpg;100,5
1_0640.jpg;450,70
1_0616.jpg;400,67
1_0525.jpg;150,57
1_0791.jpg;850,86
1_0601.jpg;350,66
1_0556.jpg;250,61
1_0327.jpg;850,360
1_0577.jpg;300,63
1_0310.jpg;300,34
1_0286.jpg;750,31
1_0464.jpg;0,51
1_0345.jpg;900,38
1_0468.jpg;0,51
1_0340.jpg;850,37
1_0565.jpg;250,62
1_0228.jpg;600,25
1_0420.jpg;1100,46
1_0514.jpg;150,56
1_0428.jpg;1100,47
1_0602.jpg;350,66
1_0610.jpg;400,67
1_0810.jpg;900,89
1_0128.jpg;300,14
1_0927.jpg;
1_0042.jpg;100,4
1_0615.jpg;400,67
1_0195.jpg;500,21
1_0815.jpg;900,89
1_0162.jpg;400,18
1_0307.jpg;300,33
1_0262.jpg;650,28
1_0826.jpg;950,90
1_0985.jpg;150,8
1_0773.jpg;300,84
1_0829.jpg;950,91
1_0336.jpg;850,37
1_0016.jpg;
1_0802.jpg;900,88
1_0809.jpg;900,88
1_0661.jpg;500,72
1_0570.jpg;300,62
1_0725.jpg;700,79
1_0929.jpg;0,2
1_0457.jpg;Q0,50
1_0296.jpg;750,32
1_0140.jpg;350,15
1_0781.jpg;850,85
1_0944.jpg;50,3
1_0797.jpg;350,37
1_0004.jpg;0,0
1_0236.jpg;600,26
1_0075.jpg;200,8
1_0964.jpg;100,5
1_0934.jpg;5Q,2
1_0423.jpg;1100,46
1_0721.jpg;700,79
1_0943.jpg;50,3
1_0071.jpg;150,8
1_0623.jpg;400,68
1_0220.jpg;550,24
1_0593.jpg;350,65
1_0217.jpg;550,23
1_0979.jpg;150,/
1_0905.jpg;1150,99
1_0325.jpg;850,35
1_0995.jpg;200,9
1_0670.jpg;550,73
1_0700.jpg;600,/6
1_0223.jpg;550,24
1_0940.jpg;50,3
1_0488.jpg;50,53
1_0094.jpg;250,10
1_0065.jpg;150,/
1_0728.jpg;700,80
1_0585.jpg;300,64
1_0168.jpg;400,18
1_0699.jpg;600,/6
1_0375.jpg;950,41
1_0202.jpg;500,22
1_0540.jpg;200,59
1_0639.jpg;450,70
1_0682.jpg;550,74
1_0923.jpg;
1_0389.jpg;1000,42
1_0171.jpg;450,19
1_0968.jpg;150,6
1_0214.jpg;550,23
1_0688.jpg;600,/5
1_0055.jpg;100,6
1_0349.jpg;900,38
1_0455.jpg;1150,50
1_0276.jpg;700,30
1_0099.jpg;250,11
1_0836.jpg;1000,91
1_0404.jpg;1050,44
1_0156.jpg;400,17
1_0334.jpg;850,360
1_0642.jpg;450,70
1_0675.jpg;550,74
1_0868.jpg;1050,95
1_0942.jpg;50,3
1_0900.jpg;1150,98
1_0427.jpg;1100,47
1_0637.jpg;450,70
1_0247.jpg;650,27
1_0318.jpg;800,35
1_0200.jpg;500,22
1_0512.jpg;150,56
1_0015.jpg;
1_0180.jpg;450,19
1_0403.jpg;1050,44
1_0529.jpg;150,58
1_0656.jpg;500,72
1_0508.jpg;100,55
1_0499.jpg;100,54
1_0872.jpg;1050,95
1_0113.jpg;300,12
1_0398.jpg;1050,43
1_0047.jpg;100,5
1_0902.jpg;1150,99
1_0981.jpg;150,/
1_0082.jpg;200,9
1_0604.jpg;350,66
1_0857.jpg;1050,94
1_0621.jpg;400,68
1_0828.jpg;950,90
1_0881.jpg;1100,96
1_0284.jpg;750,31
1_0765.jpg;300,84
1_0924.jpg;
1_0832.jpg;950,91
1_0454.jpg;1150,50
1_0301.jpg;750,33
1_0277.jpg;700,30
1_0967.jpg;100,6
1_0668.jpg;550,73
1_0987.jpg;200,8
1_0596.jpg;350,65
1_0922.jpg;
1_0719.jpg;650,79
1_0224.jpg;550,24
1_0737.jpg;700,80
1_0182.jpg;450,20
1_0002.jpg;0,0
1_0123.jpg;300,13
1_0527.jpg;150,58
1_0225.jpg;550,24
1_0445.jpg;1150,49
1_0291.jpg;750,32
1_0211.jpg;550,23
1_0538.jpg;200,59
1_0090.jpg;200,10
1_0546.jpg;200,60
1_0025.jpg;5Q,2
1_0706.jpg;650,77
1_0672.jpg;550,73
1_0430.jpg;1100,47
1_0792.jpg;350,37
1_0029.jpg;50,3
1_0237.jpg;600,26
1_0306.jpg;300,33
1_0778.jpg;800,85
1_0460.jpg;Q0,50
1_0559.jpg;250,61
1_0311.jpg;300,34
1_0447.jpg;1150,49
1_0179.jpg;450,19
1_0932.jpg;5Q,2
1_0384.jpg;1000,42
1_0909.jpg;1150,99
1_0046.jpg;100,5
1_0410.jpg;1050,45
1_0397.jpg;1000,43
1_0414.jpg;1050,45
1_0903.jpg;1150,99
1_0634.jpg;450,69
1_0342.jpg;900,37
1_0362.jpg;950,39
1_0521.jpg;150,57
1_0021.jpg;5Q,2
1_0089.jpg;200,10
1_0537.jpg;200,59
1_0249.jpg;650,27
1_0619.jpg;400,68
1_0866.jpg;1050,95
1_0076.jpg;200,8
1_0073.jpg;150,8
1_0980.jpg;150,/
1_0259.jpg;650,28
1_0221.jpg;550,24
1_0730.jpg;700,80
1_0734.jpg;700,80
1_0077.jpg;200,8
1_0646.jpg;500,71
1_0239.jpg;600,26
1_0953.jpg;100,4
1_0441.jpg;1150,48
1_0541.jpg;200,59
1_0757.jpg;750,83
1_0712.jpg;650,/8
1_0776.jpg;800,85
1_0855.jpg;1050,93
1_0916.jpg;0,0
1_0705.jpg;650,77
1_0493.jpg;100,54
1_0486.jpg;50,53
1_0492.jpg;50,54
1_0191.jpg;500,21
1_0599.jpg;350,65
1_0841.jpg;1000,92
1_0186.jpg;450,20
1_0390.jpg;1000,42
1_0215.jpg;550,23
1_0873.jpg;1100,95
1_0502.jpg;100,55
1_0050.jpg;100,5
1_0204.jpg;500,22
1_0941.jpg;50,3
1_0901.jpg;1150,99
1_0234.jpg;600,25
1_0233.jpg;600,25
1_0684.jpg;600,/5
1_0740.jpg;750,81
1_0155.jpg;400,17
1_0364.jpg;950,40
1_0763.jpg;800,383
1_0148.jpg;350,16
1_0805.jpg;900,88
1_0804.jpg;900,88
1_0218.jpg;550,24
1_0727.jpg;700,79
1_0878.jpg;1100,96
1_0760.jpg;800,383
1_0589.jpg;350,64
1_0275.jpg;700,30
1_0350.jpg;900,38
1_0365.jpg;950,40
1_0533.jpg;200,58
1_0063.jpg;150,/
1_0106.jpg;250,11
1_0133.jpg;350,14
1_0704.jpg;650,77
1_0146.jpg;350,16
1_0874.jpg;1100,96
1_0849.jpg;1000,93
1_0996.jpg;200,9
1_0104.jpg;250,11
1_0293.jpg;750,32
1_0461.jpg;Q0,50
1_0503.jpg;100,55
1_0149.jpg;350,16
1_0203.jpg;500,22
1_0694.jpg;600,/6
1_0578.jpg;300,63
1_0790.jpg;850,86
1_0245.jpg;600,27
1_0497.jpg;100,54
1_0999.jpg;200,9
1_0992.jpg;200,9
1_0134.jpg;350,14
1_0897.jpg;1150,98
1_0205.jpg;500,22
1_0896.jpg;1150,98
1_0523.jpg;150,57
1_0066.jpg;150,/
1_0402.jpg;1050,44
1_0530.jpg;150,58
1_0652.jpg;500,71
1_0994.jpg;200,9
1_0690.jpg;600,/5
1_0444.jpg;1150,48
1_0260.jpg;650,28
1_0450.jpg;1150,49
1_0357.jpg;900,39
1_0788.jpg;850,86
1_0928.jpg;
1_0373.jpg;950,41
1_0153.jpg;400,17
1_0083.jpg;200,9
1_0620.jpg;400,68
1_0078.jpg;200,8
1_0898.jpg;1150,98
1_0085.jpg;200,9
1_0554.jpg;250,60
1_0258.jpg;650,28
1_0907.jpg;1150,99
1_0017.jpg;
1_0657.jpg;500,72
1_0393.jpg;1000,43
1_0378.jpg;950,41
1_0157.jpg;400,17
1_0844.jpg;1000,92
1_0531.jpg;200,58
1_0908.jpg;1150,99
1_0059.jpg;150,6
1_0132.jpg;350,14
1_0219.jpg;550,24
1_0178.jpg;450,19
1_0421.jpg;1100,46
1_0126.jpg;300,14
1_0695.jpg;600,/6
1_0471.jpg;0,51
1_0560.jpg;250,61
1_0990.jpg;200,8
1_0353.jpg;900,38
1_0472.jpg;0,51
1_0101.jpg;250,11
1_0597.jpg;350,65
1_0268.jpg;700,29
1_0446.jpg;1150,49
1_0341.jpg;900,37
1_0713.jpg;650,/8
1_0827.jpg;950,90
1_0801.jpg;900,88
1_0645.jpg;450,70
1_0965.jpg;100,6
1_0299.jpg;750,33
1_0544.jpg;200,59
1_0161.jpg;400,17
1_0474.jpg;50,52
1_0822.jpg;950,90
1_0031.jpg;50,3
